meanSubA;covarSubA;meanSubB;covarSubB;meanSubC;covarSubC
10072.066666666668;11.270761663879679;997.8;107.36540851988623;50727.36666666667;64.46139593677313
